imagen,objeto_id,R,G,B,H,S,V,area,perimetro,Hu1,Hu2,Hu3,Hu4,Hu5,Hu6,Hu7,longitud_skel,terminaciones,bbox_ratio,extent,solidity
1.png,0,52.8871875,63.819375,76.96125,43.458125,35.8521875,76.97,1032.5,279.7817442417145,1.2629883587238049,1.5599987438712313,0.0046706776640236,0.0030287947671237,1.133356771326539e-05,0.0033268321530135,-1.1509839809790858e-06,115.0,2.0,0.1904761904761904,0.3842592592592592,0.7736351531291611
1_2.png,0,24.41673344017094,25.110777243589745,26.194043803418804,10.31670673076923,5.65758547008547,27.28291933760684,1792.0,356.98484468460083,1.2346257317267,1.490575315494406,0.0112426555147058,0.0095158524331044,9.84048130390611e-05,0.0112321196642183,-1.999776334554025e-06,120.0,2.0,0.9126984126984128,0.1330572808833678,0.8117894736842105
2 _2.png,1,31.2609375,30.31140625,29.247890625,5.0459375,2.902734375,31.48359375,1597.5,341.1442222595215,1.2429016144088267,1.510633128565764,0.0043111862827776,0.0031893248558564,1.1809653708037146e-05,0.0036429729365161,-6.26043403886737e-07,118.0,2.0,1.2857142857142858,0.1402656300615484,0.7959558823529411
2.png,1,31.2609375,30.31140625,29.247890625,5.0459375,2.902734375,31.48359375,1597.5,341.1442222595215,1.2429016144088267,1.510633128565764,0.0043111862827776,0.0031893248558564,1.1809653708037146e-05,0.0036429729365161,-6.26043403886737e-07,118.0,2.0,1.2857142857142858,0.1402656300615484,0.7959558823529411
3.png,1,61.953125,61.86895161290322,61.22883064516129,17.570060483870968,4.618699596774194,63.37172379032258,1011.0,279.5391038656235,1.3216664256798096,1.7112198227156523,0.0190408113372062,0.0163719656093981,0.000289016625251,0.0207526549870229,5.2314561688861845e-06,118.0,2.0,4.379310344827586,0.3098017920173771,0.7709459459459459
3_2.png,0,32.915406586021504,31.62298387096774,30.43136760752688,5.113155241935484,3.3119119623655915,33.069808467741936,1527.0,333.9310188293457,1.2300198871712158,1.479191086885696,0.0020585732227406,0.0010726331342061,1.5629853150489546e-06,0.0010422466759328,-3.12380000826706e-07,119.0,2.0,1.3846153846153846,0.144863073434502,0.8047480620155039
4.png,0,104.63327205882354,107.27757352941175,107.62591911764706,33.43106617647059,13.036305147058824,110.79136029411764,987.5,266.5269112586975,1.3232666224222516,1.7162758286245234,0.0075477647391341,0.005079593363616,3.132148578778094e-05,0.0059001498227959,2.865756982408079e-06,118.0,2.0,0.119047619047619,0.591005291005291,0.7984274481772695
4_2.png,1,96.29481907894736,97.125,96.63486842105264,23.47450657894737,4.4428453947368425,98.16365131578948,911.5,269.012192606926,1.4162073930347825,1.96916074240644,0.0434365351782939,0.0388680877792879,0.0015969270089861,0.0533261494121383,-1.9472253524340457e-05,120.0,2.0,7.470588235294118,0.4821676702176933,0.7581937363437727
5.png,4,12.852774784482758,16.52667025862069,21.23471174568965,14.807785560344827,15.299973060344827,21.245622306034484,1817.5,359.22748613357544,1.2474390758319935,1.522668910499176,0.0089549411564684,0.0065409766137142,4.996278233269466e-05,0.007443230926908,3.1264936645310307e-06,124.0,3.0,1.1043478260869566,0.1337897980143786,0.7917341977309562
5_2.png,0,23.651041666666668,29.85556891025641,37.37840544871795,27.103766025641026,26.889022435897434,37.38681891025641,683.0,196.024385213852,0.8526883109008003,0.6928201175959436,0.0480066666440228,0.0443295366894816,0.0020449114559289,0.0366804262768644,1.7584444869492657e-05,72.0,2.0,2.53125,0.2970679012345679,0.7785642062689585
IMG_6251.png,0,37.63317587209303,119.96111918604652,108.60792151162792,53.12936046511628,106.98492005813954,120.07885174418604,2811.5,295.03657746315,0.3978944502989616,0.1208749311347622,0.0089655001586028,0.0009576640672973,-2.7961373939596576e-06,-0.0003319491492848,-2.365471058148746e-07,107.0,2.0,0.3306451612903225,0.5786782061369001,0.7832800851970181
IMG_6252.png,0,23.10189636752137,62.76282051282051,55.27130074786325,29.84294871794872,56.56383547008547,62.825186965811966,4248.5,375.3452332019806,0.4126678472308472,0.1343545815610941,0.0079134602794679,0.0010795519608274,-8.010761441579727e-07,-0.0002181590646377,3.0519758319385564e-06,140.0,3.0,1.1071428571428572,0.3170362903225806,0.7732701088865472
IMG_6253.png,0,24.201766304347824,64.1234375,56.06399456521739,28.80903532608696,54.76379076086957,64.14816576086956,4168.0,375.102591753006,0.4187716648952431,0.1382751674300951,0.0090346264419022,0.0013386363410704,-3.0925140014318694e-07,-0.0002063934383868,4.645031294635928e-06,139.0,2.0,1.1272727272727272,0.3169354838709677,0.7560335781741868
IMG_6254.png,0,25.412160326086955,64.00842391304347,54.61297554347826,29.557133152173915,52.78491847826087,64.05326086956522,4103.0,371.1025933027268,0.41664731005619,0.136626742176542,0.0088200581601448,0.0012492989991157,-7.165042879665019e-07,-0.0002265989562452,4.084645854066104e-06,140.0,2.0,1.1376146788990826,0.3148860609647825,0.7621776504297995
IMG_6255.png,2,32.65625,142.496826171875,133.2919921875,67.609130859375,141.360107421875,142.939453125,2317.5,281.7817448377609,0.4892004044152842,0.2087541553869767,0.0053597664266819,0.0017207027661763,4.512902450591037e-06,0.0004207524808664,2.6343970410905617e-06,108.0,2.0,4.62962962962963,0.7253333333333334,0.8665486725663717
IMG_6267.png,0,31.797083333333333,36.949375,40.69895833333333,23.483854166666667,14.403229166666666,40.724895833333335,1804.5,329.2619730234146,1.0527415206955073,1.0459954285217958,0.152910652187002,0.128071405778109,0.0179223951695568,0.1309683774862889,4.008777909015422e-05,107.0,2.0,1.7534246575342465,0.2079409246575342,0.6444444444444445
IMG_6268.png,0,45.35361842105263,49.95298793859649,52.64309210526316,22.22519188596491,10.265899122807015,53.01864035087719,1688.0,313.0782080888748,1.0206245385073585,0.9780684287013316,0.1003757420862314,0.0797294645629959,0.0071325037169402,0.0788354439490747,1.2332312866172954e-05,106.0,2.0,2.290909090909091,0.2632034632034632,0.6384319215960798
IMG_6269.png,0,46.95194575471698,51.9517983490566,54.39593160377358,21.93234080188679,11.976857311320757,55.19545990566038,1707.5,313.1787129640579,1.000833682953122,0.9377829862113578,0.1074737537559479,0.0858140938820421,0.0082411743905413,0.0830948393043303,3.3677771089507536e-06,108.0,2.0,2.4423076923076925,0.2793761356753482,0.6327160493827161
IMG_6270.png,0,45.150710227272725,50.83380681818182,53.42982954545455,22.13508522727273,12.473153409090909,54.031107954545455,1686.0,314.2497808933258,1.0198605813376729,0.976717721244348,0.099018856461697,0.0786785020593161,0.006944521951952,0.0777384735966028,1.2667504511130847e-05,111.0,2.0,2.39622641509434,0.2708364284653097,0.6356345885634589
IMG_6271.png,2,29.722507911392405,34.484572784810126,37.97399129746835,21.25168117088608,13.233682753164556,38.13736155063291,1876.0,333.5046135187149,1.0513197528482996,1.0429787822196026,0.1464181924160962,0.1223923998823475,0.0163843237473453,0.1249870683558384,2.889768903264567e-05,108.0,2.0,1.6623376623376624,0.2045454545454545,0.6511627906976745
IMG_6287.png,0,38.36002604166666,105.52311197916669,95.15934244791669,52.109700520833336,94.9052734375,105.81966145833331,2912.5,298.8944425582886,0.388525631226715,0.1154769707052497,0.0078215011862127,0.0016683181643281,3.4204308650960683e-06,7.384584677679516e-05,4.9617593949535104e-06,117.0,3.0,2.9069767441860463,0.5668837209302325,0.8060846560846561
IMG_6288.png,0,31.145670572916668,92.8916015625,81.69514973958333,48.611165364583336,94.89274088541669,92.99202473958331,2788.0,302.4507908821106,0.400105108911256,0.1239418378100988,0.00841488707404,0.0015916634116511,2.493435593820453e-06,-1.3955621436410644e-05,5.264427370653052e-06,113.0,2.0,2.840909090909091,0.5312727272727272,0.791655377946356
IMG_6289.png,0,34.035835597826086,98.76341711956522,87.22537364130434,50.75730298913044,98.20516304347828,98.89249320652172,2771.5,306.6934317350388,0.4014881524104254,0.12451783298138,0.0086413293612677,0.001536970384613,1.8683624277081184e-06,-6.31221828446188e-05,5.280505599696508e-06,118.0,3.0,2.9761904761904763,0.5537142857142857,0.7852512155591572
IMG_6290.png,1,20.17736311983471,77.03486570247934,73.6926007231405,37.82980371900826,76.15857438016529,77.5028409090909,5014.5,356.4579336643219,0.3435055992366146,0.0909399097663371,0.0011543348100072,0.0003656278144828,2.130702834090039e-07,7.044474965043795e-05,-1.0499135027156757e-07,100.0,2.0,0.9747899159663864,0.373442480440452,0.9537465309898242
IMG_6291.png,0,19.978856646825395,78.62084573412699,74.72860863095238,35.42423115079365,73.80381944444444,78.8319072420635,5348.0,368.35742688179016,0.344557904301415,0.0917477071493543,0.0011155069299363,0.0003679408385607,2.147100379664397e-07,7.428788105806982e-05,-9.72894189743657e-08,102.0,2.0,1.008264462809917,0.3721040509416068,0.958304256803908
IMG_6292.png,2,19.16898544520548,25.703446061643834,31.38837756849315,22.5101669520548,23.675299657534246,31.41202910958904,1742.5,339.74725472927094,1.1269728345745065,1.203411630253897,0.1165546151056745,0.0938134846103893,0.0098098250673099,0.1028757162034383,2.4693256024705453e-05,125.0,3.0,0.5748031496062992,0.2033221874662927,0.6291722296395194
IMG_6293.png,3,54.46748991935484,72.27167338709677,85.86895161290323,45.06779233870968,41.33492943548387,85.87600806451613,1493.0,296.16652047634125,1.0786103395003757,1.0959564861976974,0.1441843263800099,0.1173878235470779,0.0152718981691929,0.122871531058486,-2.501635754754896e-05,108.0,2.0,4.266666666666667,0.4239583333333333,0.6310077519379845
IMG_6294.png,2,30.14314088983051,39.62950211864407,47.84878177966102,26.776085805084747,26.57057733050848,47.85037076271186,1631.0,312.73506224155426,1.037453426167256,1.0158383861374034,0.1706855673091978,0.1451455465129568,0.0228456518725149,0.146274651004674,-3.168848035098662e-05,107.0,2.0,0.4488188976377952,0.2439563475618179,0.6604338070306657
IMG_6295.png,1,40.09002130681818,50.76935369318182,60.11328125,32.62801846590909,28.056995738636363,60.115234375,795.0,119.39696872234344,0.1846362054725709,0.0078437569912343,5.621038416979726e-05,2.1350105491429523e-05,7.396192604353096e-10,1.8908537146817925e-06,5.081047515622143e-13,34.0,2.0,1.7037037037037035,0.6819645732689211,0.9453125
IMG_6296.png,0,62.371875,81.2140625,97.659375,52.2553125,48.12,97.67125,1377.0,292.0243855714798,1.1151315853890662,1.1799917384963847,0.1692005062497602,0.1430481563090314,0.0222546803457877,0.1552845244327402,8.084306472662959e-05,121.0,3.0,0.1984126984126984,0.48,0.6472602739726028
IMG_6313.png,0,31.31160714285714,31.558482142857144,31.79921875,12.615513392857142,8.226897321428572,34.22310267857143,812.0,180.99494743347168,0.5693151901504186,0.2959642460502561,0.0092609261070842,0.0073858519044966,6.108323996607775e-05,0.0040149351316042,3.220924897395606e-07,64.0,2.0,0.547945205479452,0.3044520547945205,0.9279749478079332
IMG_6314.png,1,22.59783793604652,24.388263081395348,24.853106831395348,12.704033430232558,6.032885174418604,25.175236191860463,870.5,216.49242115020752,0.5446649476931559,0.2681057764321105,0.008513054782033,0.0069216700609001,5.31312889295321e-05,0.0035794877026176,3.363633961849078e-07,74.0,4.0,0.6805555555555556,0.2715419501133786,0.920268972142171
IMG_6315.png,1,76.63363486842105,82.46381578947368,86.58470394736842,56.635690789473685,26.22779605263158,87.03947368421052,332.0,277.39696848392487,1.126975017789016,1.0811214948936003,0.0122737213323555,0.0034820091342768,2.0596095505085534e-05,0.002887908002377,9.693469289684509e-06,129.0,2.0,5.0,0.4724489795918367,0.6076115485564304
IMG_6316.png,0,65.29140625,71.752734375,78.326953125,61.354296875,42.586328125,78.5328125,147.5,129.35533845424652,1.899805885162985,3.544087544067412,0.0394547797029174,0.0114397084697289,0.0001954674124424,0.011446196353584,0.0001444279528755,59.0,1.0,7.375,0.4406779661016949,0.5859154929577465
IMG_6317.png,0,53.06670673076923,57.03275240384615,58.5390625,30.463040865384617,14.609975961538462,59.52614182692308,504.5,155.01219260692596,0.4463768485506562,0.1691258564515654,0.0031979335914448,0.0027324297614662,8.077150543624647e-06,0.0011236097631171,-4.0101052734383335e-09,64.0,3.0,0.2807017543859649,0.6326754385964912,0.8959627329192547
IMG_6322.png,3,36.74409298780488,42.3467987804878,48.43483231707317,33.352705792682926,23.45426829268293,48.43940548780488,997.0,336.4507913589477,1.2253161013498357,1.452812592488804,0.0940132938967863,0.1005233900497195,0.0097722614617102,0.1211108353114918,1.0396970077005891e-05,150.0,6.0,3.1842105263157894,0.2496737712048717,0.6504249291784703
IMG_6323.png,0,83.22301136363636,86.02521306818181,91.2120028409091,54.38316761363637,19.500710227272727,92.8135653409091,1031.5,312.1248903274536,1.173303358123999,1.3281084132657597,0.0682913929334327,0.074515194433324,0.0053155720725602,0.0858653876889469,-5.506375719458757e-06,143.0,4.0,6.05,0.4867768595041322,0.6727584237578527
IMG_6324.png,0,60.03599330357143,63.22377232142857,67.42633928571429,47.28041294642857,17.744140625,67.76841517857143,654.0,166.911687374115,0.5882114768497789,0.3172961151770435,0.0113616340660039,0.0090806052303341,9.223322677297904e-05,0.0051115214048814,4.508935054444042e-07,65.0,2.0,4.235294117647059,0.5972222222222222,0.9126092384519352
IMG_6325.png,0,75.23697916666667,78.48400297619048,83.67708333333333,44.56919642857143,19.39546130952381,85.63727678571429,908.0,282.71067690849304,1.263704839374329,1.5494643742960374,0.1725341595764379,0.1769744743885434,0.0309245534990967,0.2201801211835213,1.5600704038611427e-05,125.0,3.0,0.1694915254237288,0.4406779661016949,0.6586447118429386
IMG_6325_.png,0,23.379319852941176,25.239154411764705,26.648529411764702,16.960018382352942,6.458180147058823,26.72251838235294,867.5,198.6934319734573,0.5664212251791282,0.2926713437787479,0.0087523099371091,0.0069971327768293,5.475622539529931e-05,0.003782190203512,3.326564044248201e-07,68.0,2.0,0.6575342465753424,0.2708333333333333,0.9285714285714286
IMG_6326.png,1,43.80576727642276,158.87627032520325,155.01892784552845,68.7124618902439,143.3919588414634,161.0509400406504,11701.5,406.7178177833557,0.1593867316431881,4.550349447482603e-05,3.294796343916349e-06,1.1130214636172826e-09,-5.60524034767206e-17,-7.355547058433629e-12,-3.743115013035135e-17,8.0,2.0,0.984,0.7723577235772358,0.9880189699642232
IMG_6327.png,0,67.37825520833333,72.11197916666667,75.3916015625,40.064778645833336,25.55989583333333,76.21744791666667,683.5,191.982754945755,0.6873101688539389,0.4424866209885945,0.0389174765298091,0.0339908707787577,0.0012362768215867,0.0226104819430737,-5.621512571010409e-07,78.0,2.0,5.3125,0.5676470588235294,0.8843069873997709
IMG_6328.png,1,60.731192129629626,60.617476851851855,60.91956018518518,27.76678240740741,20.37934027777778,65.19502314814815,617.0,164.911687374115,0.5148668325305442,0.2360423508517075,0.0091812073048866,0.0072512616846802,5.915969779891254e-05,0.0035020245997852,8.451969508333781e-07,66.0,3.0,4.0588235294117645,0.5907928388746803,0.9046997389033944
IMG_6329.png,0,68.56597222222223,71.80815972222223,76.73871527777777,51.54774305555556,23.80512152777778,77.84548611111111,306.5,249.92388010025024,0.9412190854068848,0.7489427108522773,0.1511164550923098,0.1322242101912316,0.0186843519500818,0.1124123615573821,0.0004817522148688,110.0,2.0,5.076923076923077,0.4883449883449883,0.6387195121951219
IMG_6330.png,0,83.28819444444444,88.59114583333333,93.80121527777776,46.14800347222222,18.612413194444443,95.45442708333331,913.0,291.3969683647156,1.5167908850900884,2.259400258444088,0.0036442803997389,0.0005331543127111,-8.20276916043355e-08,-0.0003717280862117,-7.386242365503133e-07,123.0,4.0,0.1417322834645669,0.4597550306211723,0.753405017921147
IMG_6331.png,3,44.498828125,155.0611328125,147.02734375,67.5271484375,139.97337239583334,155.548046875,11351.0,400.818320274353,0.1594001515789623,5.0089147504239936e-05,3.213678199617414e-06,1.473315586875335e-09,-6.446205046374801e-17,-8.173311996014264e-12,7.824447159719117e-17,12.0,2.0,0.975609756097561,0.7806910569105691,0.9886743886743888
IMG_6336.png,0,54.13916015625,58.64013671875,62.01123046875,43.861328125,30.9580078125,64.0263671875,132.0,121.59797883033752,1.2855721736611612,1.4049004154968,0.7839516123562998,0.5619872910915042,0.3722373323478716,0.655737869835536,0.0241812393004087,54.0,2.0,4.0,0.3884297520661157,0.5371428571428571
IMG_6337.png,0,61.09067234848485,62.15814393939394,62.00591856060606,28.29024621212121,9.659564393939394,63.70667613636363,1130.0,485.2203431129456,1.0132351618152773,0.910697148154068,0.1498877691832378,0.1338080406651867,0.0189495941576901,0.1273431912639957,0.0001036927114978,213.0,3.0,4.76,0.453781512605042,0.6440839694656488
IMG_6338.png,3,5.681235259433962,5.225235849056604,4.945165094339623,4.60996462264151,14.414504716981131,5.68138266509434,4882.5,573.8548991680145,0.2474697967403085,0.0147245425661501,0.0033901384018781,0.0009773260016119,1.392424202861695e-06,0.0001105437178451,-1.1071939571687156e-06,350.0,12.0,0.8962264150943396,0.5087388282025819,0.6253662109375
IMG_6339.png,0,33.21471774193548,36.36391129032258,38.61189516129032,26.26184475806452,14.057459677419354,39.11895161290322,526.0,158.22539567947388,0.5968897672610773,0.3273173812884403,0.0159516350171455,0.0132305045300358,0.000192205090216,0.0075663450743127,6.290355835786559e-07,57.0,2.0,0.3181818181818182,0.4307359307359307,0.8766519823788547
IMG_6340.png,0,72.48273026315789,74.91365131578948,76.6920230263158,39.01480263157895,17.382401315789473,78.79564144736842,539.5,147.01219260692596,0.4425265851903358,0.1663603407759738,0.0005722028780478,0.0002292402754415,8.30049940389248e-08,9.338520256271283e-05,-1.8443135799637007e-09,65.0,3.0,0.2413793103448276,0.7487684729064039,0.9047619047619048
IMG_6341.png,0,23.004634533898304,24.30654131355932,25.475370762711865,18.13771186440678,8.620365466101696,26.022245762711865,406.5,305.806129693985,0.9469639709148572,0.758332504261525,0.0964241497235682,0.0753786569177461,0.0064226151110529,0.0649807006053254,0.0002195534171905,124.0,2.0,2.3548387096774195,0.237295625276182,0.6280701754385964
IMG_6342.png,0,20.523798076923075,22.5984375,23.98329326923077,18.643509615384616,8.879326923076922,24.18100961538461,358.0,309.84775960445404,1.12811919891648,1.074380172253779,0.1941129563158232,0.1567681875535445,0.0273280198274449,0.1604875467462436,0.0010262365754998,124.0,2.0,2.176470588235294,0.1935612082670906,0.5617070357554786
IMG_6343.png,4,48.82352570564516,146.9388860887097,142.24495967741936,70.1984627016129,137.3429939516129,149.06609122983872,11976.0,409.98989510536194,0.1594175363678039,7.314683760979627e-05,3.2169331384975946e-07,2.5233117105503406e-10,1.995438428571066e-18,2.072869590807047e-12,1.089315900562772e-18,13.0,2.0,1.0327868852459017,0.7905932864949259,0.9901417630764217
IMG_6344.png,0,43.42782738095238,46.03720238095238,50.19605654761905,45.58779761904762,24.78720238095238,50.539434523809526,130.0,148.56854152679443,0.8318488595559601,0.3828724908749208,0.0011305735907629,0.0026589605636302,4.370047146496809e-06,0.001584797818215,-1.4684641292581022e-06,65.0,2.0,2.6153846153846154,0.4457013574660634,0.5382513661202186
IMG_6345.png,0,78.14783653846153,84.0546875,88.50661057692308,64.9140625,26.409254807692307,89.14423076923077,165.5,65.55634891986847,0.350022284761781,0.0936679569710199,0.0030854336176036,0.0015612189495944,3.4259163828907094e-06,0.0004762337490537,6.454589601958787e-08,23.0,2.0,0.3103448275862069,0.7547892720306514,0.9471153846153846
IMG_6346.png,0,23.11786358173077,23.68194110576923,24.339918870192307,11.483548677884617,3.651292067307693,24.688927283653847,965.0,216.53404903411865,0.5542992456760636,0.278764917974889,0.0097030280061789,0.0078917787801161,6.905376694727373e-05,0.0041499004316439,7.92817585908885e-07,75.0,3.0,1.1967213114754098,0.2355715248147316,0.9105902777777778
IMG_6347.png,1,33.8404296875,35.875,37.761328125,22.9083984375,8.965625,38.0759765625,370.0,288.793937087059,0.9503655827120036,0.7753876004809102,0.0895049292588747,0.0707663435329757,0.0056318074290959,0.061954043325925,4.806328421958807e-05,124.0,2.0,0.3428571428571428,0.2964285714285714,0.6544021024967148
IMG_6348.png,2,52.08928571428572,56.583333333333336,62.39397321428572,58.12574404761905,29.12239583333333,62.47172619047619,177.0,179.0538227558136,0.9194133852345692,0.5731113848620216,0.2229749060968484,0.178795908883258,0.0354806894710629,0.1345519895795551,-0.0039481700591783,78.0,2.0,3.357142857142857,0.39209726443769,0.5222672064777328
IMG_6349.png,0,64.79470486111111,68.45399305555556,73.70616319444444,67.21310763888889,25.881944444444443,74.33463541666667,137.5,47.21320295333862,0.1721561105267556,0.000290694875697,0.0012290459158742,9.187003355270851e-06,-1.2276602834894709e-10,3.4667988953437656e-08,-9.684635002067892e-10,10.0,3.0,1.0,0.7066666666666667,0.940828402366864
IMG_6350.png,3,77.33984375,82.21875,85.38448660714286,48.68526785714285,24.037946428571427,87.32979910714286,155.5,161.8406194448471,1.7385124543166652,2.614232065177459,1.4164106824262623,0.9237547621062188,1.0524292790500789,1.4533307230027113,0.0943079682568182,72.0,2.0,0.2105263157894736,0.337719298245614,0.4433781190019193
IMG_6351.png,0,60.791940789473685,65.0892269736842,69.0078125,47.65172697368421,22.10074013157895,69.43379934210526,267.0,220.56854152679443,2.846832002074964,7.765493444596005,0.5393817122452704,0.1905605516196168,0.0541783082572172,0.3551858206024776,0.0282342243429002,99.0,3.0,0.1566265060240964,0.3429101019462465,0.4683544303797468
IMG_6352.png,0,40.45516304347826,43.13247282608695,47.84680706521739,45.77377717391305,23.92153532608696,47.90285326086956,44.0,54.97056245803833,1.1970323065364377,1.390966251930421,0.0159564063082242,0.0107724126856365,0.0001406222861057,0.0111169505506962,1.312285997234842e-05,24.0,2.0,5.2,0.5384615384615384,0.7692307692307693
IMG_6353.png,2,69.58828125,73.144921875,77.8375,45.430078125,30.8453125,79.728125,497.5,137.69848430156708,0.4493940930124725,0.1735710424390368,0.00212330653702,0.0016911504897062,3.2045869491734645e-06,0.0007038837428997,1.9048515040619963e-08,59.0,3.0,4.071428571428571,0.7055137844611529,0.9008
IMG_6356.png,3,72.74944196428571,77.96930803571429,83.39397321428571,58.181919642857146,27.383370535714285,84.99162946428571,473.5,149.15432798862457,0.6238972297444019,0.3594356955715583,0.0107836315984004,0.0071978794910391,6.321823767822819e-05,0.0040273918392462,-4.986798189358294e-06,61.0,2.0,5.076923076923077,0.6305361305361306,0.8825448613376835
IMG_6358.png,3,107.72708333333334,114.5015625,113.47395833333331,43.34010416666667,32.8015625,123.0890625,935.5,268.6690467596054,1.3699029891575771,1.841117780855692,0.0061772135892703,0.0039446959488454,1.935585552439108e-05,0.0046878781086405,2.126077075451984e-06,120.0,2.0,0.1031746031746031,0.6495726495726496,0.7993989481592787
IMG_6359.png,0,65.20875,68.789375,72.8440625,50.31625,19.3190625,74.146875,491.0,114.56854140758514,0.1848369443425483,0.0012005329206246,0.000813618457625,6.591962353145366e-05,-1.5135691662967677e-08,1.5528567696815157e-06,1.992319820345716e-09,46.0,3.0,1.375,0.6830808080808081,0.8310291858678955
IMG_6360.png,2,35.576675907258064,134.46837197580646,128.58511844758064,68.8117439516129,146.2479208669355,135.4818548387097,11446.5,403.8893908262253,0.1594273549908879,5.067513718977841e-05,4.700735606869246e-06,1.8058823890148166e-09,-9.089847996830192e-17,-1.2352847372139898e-11,-1.3936214989679194e-16,34.0,3.0,0.9758064516129032,0.7743934950679818,0.9883463763184756
IMG_6361.png,4,36.76975,134.7626875,128.3806875,68.30675,145.285375,135.4223125,11733.5,406.23253560066223,0.1591858116485373,9.665618285054428e-07,8.23348437144296e-07,7.175706518605422e-11,4.2535399468508464e-19,4.412889465156162e-14,3.5112235712201907e-19,2.0,2.0,0.9919354838709676,0.7807500655651718,0.9901879261599869
IMG_6362.png,2,57.459375,65.6728125,67.644375,44.280625,22.715,68.5209375,440.5,102.81118202209473,0.1851066385244374,0.0023289519786235,0.0008384095161055,3.480326929013212e-05,-2.503732631254577e-09,-1.3835880594869666e-06,-5.392158553347663e-09,39.0,3.0,0.8064516129032258,0.6245161290322581,0.856637168141593
IMG_6364.png,0,68.00700431034483,74.48760775862068,79.43453663793103,47.26131465517241,19.51185344827586,80.52397629310344,1504.5,301.23758804798126,1.0507167119459866,1.0366092222438457,0.1741903313927155,0.1441278762324383,0.0228367341666554,0.1467414233855672,-4.11578497908939e-06,110.0,2.0,4.571428571428571,0.4578683035714285,0.6488730723606169
IMG_6365.png,0,63.29140625,69.8234375,74.23020833333334,42.521875,16.817708333333332,74.52161458333333,1323.0,352.79393672943115,1.324490118066828,1.6596754065943735,0.2401466758837323,0.198963912887199,0.0434900657375103,0.2560175481524859,0.0002906064055157,149.0,5.0,0.2362204724409448,0.3892388451443569,0.5838582677165355
IMG_6366.png,0,63.54056490384615,77.34735576923077,88.79837740384616,54.98167067307692,41.08143028846154,88.80408653846153,754.5,130.81118178367615,0.2066779512468355,0.0141221144140519,0.000665301293438,0.0003507907840471,1.6946542943644597e-07,4.071976811914343e-05,-2.0892176224549517e-10,44.0,2.0,2.12,0.6128301886792453,0.8797399783315276
IMG_6367.png,0,58.708333333333336,69.61666666666666,78.93619791666667,47.176822916666666,30.22864583333333,78.94635416666667,1311.5,398.0071400403976,1.1060797996816802,1.1339279290493132,0.6844919171786747,0.623882748028871,0.4076980325387637,0.6643302703345579,9.20384445858985e-05,165.0,4.0,0.234375,0.38828125,0.5750096413420748
IMG_6368.png,1,51.073336693548384,55.17565524193548,59.22555443548387,44.5226814516129,17.371219758064516,59.32056451612903,654.5,164.66904652118683,0.5700686643984836,0.2966414710357626,0.0091073238188983,0.0073327309391369,5.992247982508885e-05,0.0039914608196271,2.6466031873275e-07,67.0,3.0,3.789473684210526,0.5343567251461988,0.9047029702970296
IMG_6369.png,0,70.29854910714286,75.65708705357143,80.70926339285714,47.59681919642857,17.849330357142858,81.0,1424.5,289.43859827518463,1.0841514025453127,1.1129266960741786,0.1772557325807827,0.151057201188976,0.0247179037412987,0.159326753587343,-4.305211927996353e-05,110.0,2.0,4.884615384615385,0.4718352513628104,0.6582171525137305
IMG_6373.png,2,48.722005208333336,54.47135416666666,60.667317708333336,50.083984375,30.95638020833333,60.714192708333336,310.0,245.1959580183029,0.9175787383587138,0.7069564294307704,0.0770671253923048,0.0696031388664189,0.0050897697346181,0.0579238986673098,-0.0002849798220514,109.0,2.0,3.933333333333333,0.4768361581920904,0.6423135464231354
IMG_6374.png,0,59.296875,61.82662259615385,62.08293269230769,31.713942307692307,9.548377403846152,63.39423076923077,814.5,187.4385989904404,0.4576357319656982,0.1535805723202184,0.0818698626486478,0.0632270689917061,0.0045488316272909,0.0246922392647174,-3.994434296713294e-05,62.0,2.0,3.083333333333333,0.5050675675675675,0.6889400921658986
IMG_6375.png,0,64.85427989130434,71.63417119565217,80.17832880434783,53.01664402173913,25.05808423913044,80.18104619565217,884.0,348.1076452732086,1.312547161420686,1.6661462283427444,0.3371682399459706,0.3539822245107729,0.1222912682203232,0.4568840509546815,6.52320590806034e-05,149.0,6.0,5.545454545454546,0.3874813710879284,0.6135693215339233
IMG_6376.png,0,48.46401515151515,48.07788825757576,49.76633522727273,23.42140151515152,11.897964015151516,52.63896780303031,993.0,324.30865585803986,1.2576174139911755,1.530361039408986,0.1089213945178855,0.1163685281030971,0.0131011513119116,0.1438744863428617,1.876829344835909e-05,149.0,5.0,0.2622950819672131,0.2920081967213114,0.644431882419446
IMG_6377.png,0,51.37388392857143,56.127511160714285,62.46372767857143,44.775669642857146,21.460658482142858,62.56919642857143,625.5,172.32590079307556,0.5517616570692614,0.2754289761855944,0.0118485081749359,0.0095660275763084,0.0001018314388965,0.0049861077825883,1.504564701866683e-06,69.0,2.0,0.2465753424657534,0.5365296803652968,0.8746898263027295
IMG_6378.png,0,59.216594827586206,62.92834051724138,66.234375,35.90598060344828,14.43426724137931,66.76373922413794,896.0,240.71067690849304,1.1079250142765071,1.1871260568137405,0.1220853190735327,0.1211127399603575,0.0147270736335942,0.1319518616585887,-2.66615639878294e-06,97.0,3.0,4.038461538461538,0.3688644688644689,0.6808654496281271
IMG_6379.png,1,44.02886284722222,47.16124131944444,49.52842881944444,25.724609375,12.712890625,50.54470486111112,1080.5,374.97770273685455,1.2404570247827131,1.486544022036478,0.0682414459277717,0.0738768541049867,0.0052454921042978,0.0900681774581268,7.658749563415473e-06,172.0,7.0,0.282258064516129,0.2870967741935484,0.6561348077935756
IMG_6380.png,0,55.14006696428572,60.498325892857146,65.56277901785714,43.676060267857146,17.729910714285715,65.63113839285714,866.5,261.5807340145111,1.1373232115086849,1.2479056033035878,0.1649823671555887,0.1665416050693178,0.0276059588489707,0.1860248117829713,1.2963562977762882e-05,105.0,4.0,0.25,0.3374485596707819,0.6604026845637584
IMG_6381.png,0,45.98650568181818,49.12760416666666,53.0546875,38.63991477272727,12.682054924242424,53.17258522727273,897.0,281.4802290201187,1.1588176712126603,1.2969356711383693,0.0937811208994432,0.0977614691710222,0.0093607115007667,0.1112241853012436,1.3150886207773363e-05,122.0,4.0,0.2767857142857143,0.2946428571428571,0.6570327552986512
IMG_6382.png,1,29.85451388888889,89.93975694444444,76.33211805555555,50.42690972222222,104.31475694444444,90.05694444444444,2979.0,301.1370828151703,0.3882075154711832,0.1154288444273674,0.0070035581159005,0.0010445576306023,-5.295240879191896e-09,-0.0001357949456671,2.82525215316226e-06,111.0,2.0,2.9302325581395348,0.574750830564784,0.792568083481802
IMG_6383.png,4,30.75030048076923,85.5848858173077,70.51231971153847,44.37590144230769,90.8408954326923,85.5868389423077,3055.0,305.7645001411438,0.3843933430280755,0.1110277111516141,0.0081962475433669,0.0009197397867216,-1.981602941094914e-06,-0.0002720104298418,-1.5652972199214931e-06,112.0,2.0,2.645833333333333,0.5231299212598425,0.7922981366459627
IMG_6384.png,3,34.220947265625,113.91552734375,94.312744140625,54.450927734375,115.400146484375,113.943603515625,2248.0,283.5391038656235,0.5343763982381098,0.2549909560721669,0.0056475420746633,0.0020877911598978,6.553394840358966e-06,0.0006808322424918,-2.906542377606628e-06,107.0,2.0,4.344827586206897,0.6513409961685823,0.8638838475499092
IMG_6385.png,4,32.770670572916664,92.6630859375,76.35123697916667,46.966796875,96.52034505208331,92.66552734375,2937.5,301.5218588113785,0.3910817158847481,0.1157367148183634,0.0085311349406627,0.0009481026226423,-2.261225765099843e-06,-0.00029595593799,-1.468843632986178e-06,115.0,2.0,2.8,0.5414462081128748,0.7881899871630296
IMG_6386.png,0,111.44270833333331,116.534375,115.78802083333332,41.66979166666667,23.146875,122.66354166666666,907.0,275.25483322143555,1.4922093395216922,2.183977506756408,0.0134783059479967,0.0090178412583852,9.898269341883908e-05,0.0118729296643837,-9.3092185008489e-06,125.0,3.0,9.692307692307692,0.6343101343101343,0.7730654761904762
